{"32_56_56_192_256_5_2_2_6_576_3_176_176_176_192_192_192_1_128_208_240_240_240_240": "28.231143951416016", "2": 3.1415926, "32_32_32_128_3_3_3_3": 48}